12,Fernando,Herrera,Loja,faherrera2@gmail.com,faherrera2,faherrera2
45,Jandry,Requelme,Loja,jandry@gmail.com,jandry,jandry
78,Carlos,Vives,Quito,carlos@gmail.com,carlos,carlos
2,Jordan,Moises,Cuenca,jordan@gmail.com,jordan,jordan
14,Martin,Palermo,Loja,demo@utpl.edu.ec,demo,demo
45,Josue,Torres,Loja,josue@gmail.com,josue,josue
120,Rosa,Castro,Loja,rosa@gmail.com,rosa,rosa
sad,asdasasd,asd,asdf,demo@utpl.edu.ec,asd,asd